Button,URL,Question
Ask,https://finance.yahoo.com/,Summarize this page
Advanced Ask,https://finance.yahoo.com/,Explain the term of custom tags in XBRL in concise language.
Ask,https://finance.yahoo.com/,Summarize this page and list some stock prices
Ask,https://finance.yahoo.com/,Summarize the given information
Advanced Ask,https://finance.yahoo.com/,Explain the efficient market hypothesis
Advanced Ask,https://finance.yahoo.com/,Explain the Product model of the common domain model in detail.
Advanced Ask,https://finance.yahoo.com/,Explain the product model in the common domain model with the provided context.
Advanced Ask,https://finance.yahoo.com/,Explain the product model in common domain model with the provided information.
Advanced Ask,https://finance.yahoo.com/,Organize the explanation into clean keypoints.
Ask,https://finance.yahoo.com/?guccounter=1&guce_referrer=aHR0cHM6Ly93d3cuZ29vZ2xlLmNvbS8&guce_referrer_sig=AQAAAMmeMyeawiZo-nUW0inH5iEWrkDRCRf7GLM8g9hcaVBpIi_5pbZfU7xL4Cc-wYNFByz0rcyhcarV2pO1jVO1anzC-z0N8k0gitXf062wuE5tZo6bW98kBy9x8EYz8OYCE3RGvgFRmnOMvMcWGU7V8eQg3_le90fS60-KzOq_aJLr,Hello
Ask,https://finance.yahoo.com/?guccounter=1&guce_referrer=aHR0cHM6Ly93d3cuZ29vZ2xlLmNvbS8&guce_referrer_sig=AQAAAMmeMyeawiZo-nUW0inH5iEWrkDRCRf7GLM8g9hcaVBpIi_5pbZfU7xL4Cc-wYNFByz0rcyhcarV2pO1jVO1anzC-z0N8k0gitXf062wuE5tZo6bW98kBy9x8EYz8OYCE3RGvgFRmnOMvMcWGU7V8eQg3_le90fS60-KzOq_aJLr,List todays stock prices
Ask,https://finance.yahoo.com/?guccounter=1&guce_referrer=aHR0cHM6Ly93d3cuZ29vZ2xlLmNvbS8&guce_referrer_sig=AQAAAFGuGw6fhqMjLnDg8yyOqExI55kGJEvToj0HVV9fAXNrah2tPhf_mOT3V0vFYWrANWehZtrAukl6rEl8lyeHA3gveiavuo2XeHZWHjnjAaA6n2BdhRp6A8OhsolVI_-qYUOpkytnKAO13vaYZB5uklAX2wGKGW4yvKjw1XXSWloD,List today's stock prices
Ask,https://finance.yahoo.com/?guccounter=1&guce_referrer=aHR0cHM6Ly93d3cuZ29vZ2xlLmNvbS8&guce_referrer_sig=AQAAAFGuGw6fhqMjLnDg8yyOqExI55kGJEvToj0HVV9fAXNrah2tPhf_mOT3V0vFYWrANWehZtrAukl6rEl8lyeHA3gveiavuo2XeHZWHjnjAaA6n2BdhRp6A8OhsolVI_-qYUOpkytnKAO13vaYZB5uklAX2wGKGW4yvKjw1XXSWloD,List the stock prices
Advanced Ask,https://finance.yahoo.com/?guccounter=1,Explain product model in CDM in detail
Advanced Ask,https://finance.yahoo.com/?guccounter=1,Explain the product model of CDM in detail.
Advanced Ask,https://finance.yahoo.com/?guccounter=1,Explain the product model in CDM in detail.
Advanced Ask,https://finance.yahoo.com/,Explain the product model in CDM in detail.
Advanced Ask,https://finance.yahoo.com/,What is ContractualProduct in CDM? Explain in detail.
